Date,Commits
2018-03-06,2
2018-03-09,1
2016-07-22,1
2019-02-07,1
2016-07-21,1
2018-05-25,1
2018-03-01,3
2013-02-13,1
2018-08-14,1
2018-08-15,5
2018-08-16,3
2018-03-05,1
2012-12-10,1
2018-08-21,1
2019-07-15,1
2012-08-30,1
2015-03-05,1
2019-04-24,3
2019-07-16,1
2019-04-29,1
2020-02-18,2
2016-07-19,1
2016-07-18,1
2018-11-26,1
2017-06-30,3
2018-02-28,2
2015-08-12,1
2020-03-03,1
2017-07-06,2
2019-02-14,3
2019-02-13,3
2013-02-05,1
2019-02-11,1
2013-02-08,3
2018-05-15,1
2018-08-06,1
2019-11-08,1
2018-08-13,5
2012-12-14,2
2013-05-03,4
2019-11-05,1
2018-11-16,1
2016-05-04,1
2018-11-14,2
2016-05-03,2
2017-06-06,1
2018-01-05,2
2018-01-06,1
2015-12-22,1
2019-02-27,1
2017-08-28,2
2018-09-07,5
2018-01-03,1
2018-12-14,1
2018-12-13,2
2017-11-30,4
2013-06-03,1
2018-12-12,3
2013-05-31,2
2012-11-15,1
2019-05-13,1
2019-05-14,2
2018-12-10,1
2013-03-12,1
2014-10-28,3
2019-05-16,1
2020-01-28,1
2017-12-07,1
2016-06-28,2
2020-02-12,1
2017-01-03,1
2015-07-24,1
2013-02-26,2
2013-02-27,1
2014-07-31,1
2019-05-21,1
2019-05-22,5
2013-05-21,1
2018-11-30,3
2012-11-28,1
2017-12-12,1
2013-05-24,1
2019-05-28,3
2019-03-04,2
2015-04-24,3
2019-03-05,2
2019-11-22,3
2019-03-08,1
2017-12-18,1
2016-07-05,1
2020-04-01,1
2018-01-26,2
2020-04-02,1
2020-01-14,1
2015-01-30,1
2019-06-10,3
2018-01-24,2
2013-06-25,1
2013-06-26,1
2019-12-09,1
2019-03-11,2
2013-09-18,1
2019-03-15,2
2013-01-10,1
2019-03-18,1
2019-03-19,1
2018-10-18,1
2018-10-15,2
2018-10-16,1
2018-01-16,2
2016-12-09,1
2019-01-07,1
2018-01-19,1
2013-03-15,2
2018-04-05,1
2019-06-21,1
2016-12-02,1
2013-03-19,1
2019-12-19,1
2013-03-20,1
2019-03-21,1
2018-09-25,2
2019-09-09,1
2019-06-18,1
2018-09-20,2
2013-09-04,1
2019-12-16,1
2019-06-17,1
2017-08-23,1
2019-06-19,3
2017-11-27,1
2013-08-30,1
2019-12-13,1
2017-11-29,1
2016-09-02,4
2016-06-14,1
2018-02-16,1
2019-01-17,2
2019-01-14,1
2018-05-03,1
2017-02-08,1
2013-04-17,1
2019-01-11,4
2018-05-07,1
2018-02-12,4
2018-05-04,1
2018-02-15,1
2018-02-14,1
2018-11-01,1
2018-07-30,1
2019-06-24,1
2019-12-26,2
2019-06-27,3
2013-04-25,1
2019-06-26,3
2019-10-03,5
2014-12-08,1
2019-06-28,1
2018-11-09,1
2020-03-09,1
2019-12-23,1
2014-12-05,2
2018-11-05,2
2016-05-16,1
2015-01-07,1
2017-05-05,1
2020-03-24,2
2018-02-08,2
2019-01-29,3
2020-03-26,2
2019-01-28,2
2020-03-25,2
2020-01-02,2
2020-01-03,3
2020-03-27,1
2015-11-23,1
2019-01-23,2
2018-07-13,2
2016-11-14,1
2020-03-20,2
2019-07-10,1
2018-07-17,1
2012-10-20,1
2019-09-27,2
2019-07-02,3
2019-10-17,1
2019-07-01,1
2019-07-03,1
2019-04-16,1
2019-10-15,1
2019-12-30,1
